table,row,column,value
tab:clean,ERP-window,BA,0.628752
tab:clean,ERP-window,BA_lo,0.597156
tab:clean,ERP-window,BA_hi,0.660348
tab:clean,ERP-window,F1,0.628803
tab:clean,ERP-window,AUC,0.798735
tab:clean,Band-power,BA,0.494471
tab:clean,Band-power,BA_lo,0.459716
tab:clean,Band-power,BA_hi,0.527646
tab:clean,Band-power,F1,0.492030
tab:clean,Band-power,AUC,0.682161
tab:clean,Reservoir,BA,0.486572
tab:clean,Reservoir,BA_lo,0.447077
tab:clean,Reservoir,BA_hi,0.522907
tab:clean,Reservoir,F1,0.485224
tab:clean,Reservoir,AUC,0.657750
tab:dropconf,zero,Band-power,0.417062
tab:dropconf,zero,ERP-window,0.535545
tab:dropconf,zero,Reservoir,0.486572
tab:dropconf,zero,ERP_minus_Res,0.049041
tab:dropconf,mean,Band-power,0.472354
tab:dropconf,mean,ERP-window,0.578199
tab:dropconf,mean,Reservoir,0.486572
tab:dropconf,mean,ERP_minus_Res,0.091684
tab:dropconf,knn,Band-power,0.483412
tab:dropconf,knn,ERP-window,0.609795
tab:dropconf,knn,Reservoir,0.507109
tab:dropconf,knn,ERP_minus_Res,0.103383
tab:dropconf,spatial,Band-power,0.488152
tab:dropconf,spatial,ERP-window,0.589258
tab:dropconf,spatial,Reservoir,0.481833
tab:dropconf,spatial,ERP_minus_Res,0.107385
tab:rawsignal,clean,Band-power,0.494471
tab:rawsignal,clean,ERP-window,0.628752
tab:rawsignal,clean,Reservoir,0.486572
tab:rawsignal,clean,EEGNet,0.731438
tab:rawsignal,clean,EEGNet+aug,0.731438
tab:rawsignal,remove_0.1,Band-power,0.475513
tab:rawsignal,remove_0.1,ERP-window,0.601896
tab:rawsignal,remove_0.1,Reservoir,0.469194
tab:rawsignal,remove_0.1,EEGNet,0.718799
tab:rawsignal,remove_0.1,EEGNet+aug,0.721959
tab:rawsignal,remove_0.3,Band-power,0.417062
tab:rawsignal,remove_0.3,ERP-window,0.535545
tab:rawsignal,remove_0.3,Reservoir,0.473934
tab:rawsignal,remove_0.3,EEGNet,0.660348
tab:rawsignal,remove_0.3,EEGNet+aug,0.703002
tab:rawsignal,remove_0.5,Band-power,0.450237
tab:rawsignal,remove_0.5,ERP-window,0.473934
tab:rawsignal,remove_0.5,Reservoir,0.393365
tab:rawsignal,remove_0.5,EEGNet,0.587678
tab:rawsignal,remove_0.5,EEGNet+aug,0.669826
tab:rawsignal,amp_5dB,Band-power,0.436019
tab:rawsignal,amp_5dB,ERP-window,0.619273
tab:rawsignal,amp_5dB,Reservoir,0.478673
tab:rawsignal,amp_5dB,EEGNet,0.737757
tab:rawsignal,amp_5dB,EEGNet+aug,0.726698
tab:rawsignal,jitter_50ms,Band-power,0.496051
tab:rawsignal,jitter_50ms,ERP-window,0.625592
tab:rawsignal,jitter_50ms,Reservoir,0.492891
tab:rawsignal,jitter_50ms,EEGNet,0.718799
tab:rawsignal,jitter_50ms,EEGNet+aug,0.707741
